[
  {
    "id": 1,
    "review": " Lorem ipsum dolor sit amet consectetur adipiscing elit Aliquam at volutpat tellus Maecenas bibendum sem dui sit amet consectetur lectus efficitur ornare"
  },
  {
    "id": 2,
    "review": " Lorem ipsum dolor sit amet consectetur adipiscing elit "
  },
  {
    "id": 3,
    "review": " Lorem ipsum dolor sit amet consectetur adipiscing elit Aliquam at volutpat tellus Maecenas bibendum sem dui sit amet consectetur lectus efficitur ornare Lorem ipsum dolor sit amet"
  },
  {
    "id": 4,
    "review": " Lorem ipsum dolor sit amet consectetur adipiscing elit Aliquam at volutpat tellus Maecenas bibendum sem dui sit"
  },
  {
    "id": 5,
    "review": " Lorem ipsum dolor sit amet consectetur adipiscing elit Aliquam at volutpat tellus Maecenas bibendum sem dui sit amet consectetur"
  }
]
